tenure,MonthlyCharges,TotalCharges
7043.0,7043.0,7043.0
32.37114865824223,64.76169246059918,2283.3004408418656
24.55948102309446,30.090047097678493,2265.0002578033273
0.0,18.25,18.8
9.0,35.5,402.225
29.0,70.35,1400.55
55.0,89.85,3786.6
72.0,118.75,8684.8
